title,price,endDate,discount,count
Silonn Ice Makers Countertop,197,01.01.2024,25,580
Portable,343,03.09.2025,32,664
Miracle-Gro Indoor Plant Food Spikes,191,05.12.2025,33,350
Amazon Basics Guitar Folding A-Frame Stand,380,27.11.2025,88,880
Echo Dot | Smart speaker,147,08.08.2024,14,131
AC Furnace Air Filter,426,24.05.2025,59,720
Electric Instrument Cable,41,24.02.2025,28,74
Fujifilm Instax Mini Instant Film,341,22.03.2024,69,290
Everydrop by Whirlpool Ice and Water Refrigerator,113,19.05.2025,100,661
Fire TV Cube,3,20.09.2024,74,463
Insulated Grocery shopping bag,129,02.06.2024,46,817
weather-resistant HD security camera,348,13.10.2025,55,513
Sleek Socket Ultra-Thin Electrical Outlet Cover with 3 Outlet Power Strip,217,19.11.2024,24,143
Acoustic Guitar Strings,438,27.09.2025,43,478
Coleman Sundome Camping Tent,9,11.07.2024,48,473
Mini Fridge with Freeze,210,27.05.2025,29,44
Amazon Basics Guitar Folding A-Frame Stand,260,15.12.2024,2,763
CHAPIN 20000 Garden Sprayer 1 Gallon Lawn,463,28.11.2024,24,523
Cleaning Gel for Car,130,26.06.2024,14,507
Amazon Basics XLR Male to Female Microphone Cable – 3 Feet,358,24.09.2024,78,787
Led Strip Lights,150,02.10.2024,99,562
Amazon Basics XLR Male to Female Microphone Cable – 3 Feet,20,14.10.2024,30,718
High Power,256,16.08.2025,87,22
Filtrete 10x20x1,416,19.01.2024,11,895
Laundry Door Post 2.0,54,10.02.2025,24,894
Microfiber Bed Sheet Set with 14” Deep Pockets,177,27.05.2025,81,8
Wagner's 13008 Deluxe Wild Bird Food,346,22.03.2024,63,217
Coleman Sundome Camping Tent,402,06.08.2025,95,449
Catchmaster 72MAX Pest Trap,266,06.03.2025,45,365
Non-Slip Suit Clothes Hangers,454,19.06.2025,13,106
Mini Fridge with Freeze,62,12.10.2025,40,907
High Power,272,23.02.2025,84,392
TERRO T300 Liquid Ant Baits,306,03.04.2024,23,662
EcoNour Car Windshield Sun Shade with Storage Pouch,117,12.11.2025,51,152
Portable Countertop Dishwasher,352,21.06.2024,25,600
Miracle-Gro Indoor Plant Food Spikes,452,15.08.2025,83,659
Loop Exercise Bands,6,07.01.2024,88,978
Miracle-Gro Indoor Plant Food Spikes,372,10.06.2025,21,874
Floating Shelves Wall Mounted,45,06.05.2024,4,688
High Power,266,19.04.2025,55,895
Cleaning Gel for Car,203,25.10.2025,9,823
USB Condenser Gaming Microphone,391,08.04.2025,66,23
Aegend Swim Goggles,247,13.08.2024,10,38
Fresheracc Fridge Freezer Refrigerator Cabinet Lock Latch,480,28.03.2024,53,491
Electric Instrument Cable,42,06.10.2024,96,743
T-Sound USB Splitter for Laptop,416,07.01.2025,54,376
Mac Book Pro Charger,355,18.08.2025,56,575
Healthy Living Ultra Allergen,225,21.08.2025,90,821
Amazon Basics 3-Foot Extension Cord,14,12.04.2025,46,840
SONORO KATE Bathroom Rug,327,23.05.2024,51,461
Amazon Basics Guitar Folding A-Frame Stand,112,16.07.2025,35,448
Amazon Basics XLR Male to Female Microphone Cable – 3 Feet,262,07.05.2024,67,275
Mr Gold Foaming Car Wash Soap,303,21.03.2025,65,766
TastePure RV/Marine Water Filter with Flexible Hose Protector,331,23.01.2024,0,874
Amazon Basics Exercise Yoga Mat,176,08.11.2024,82,173
Bed and Couch Pillows,152,27.02.2025,98,815
Amazon Basics Exercise Yoga Mat,15,13.04.2025,5,906
Callaway 2021 Supersoft Golf Balls 12B PK,14,24.06.2025,43,489
Pizza Grilling Set,500,22.09.2025,69,989
CHAPIN 20000 Garden Sprayer 1 Gallon Lawn,140,01.03.2024,57,601
Baby Monitor Dog Camera 360-degree,214,24.09.2025,4,966
Apple AirTag,421,25.05.2024,71,678
ComfiLife Gel Enhanced Seat Cushion,405,12.11.2025,30,955
Coleman Sundome Camping Tent,270,25.01.2025,92,206
Non-Abrasive,440,08.11.2024,80,100
Callaway 2021 Supersoft Golf Balls 12B PK,317,23.12.2025,28,62
Led Strip Lights,23,02.07.2024,78,830
Reusable and Washable,357,16.11.2025,34,199
Ferilinso Designed for iPhone 13 Pro Max Camera Lens Protector,397,02.05.2025,68,912
weather-resistant HD security camera,298,23.05.2025,81,441
Miracle-Gro Indoor Plant Food Spikes,396,11.09.2025,59,526
Portable Countertop Dishwasher,109,17.04.2024,76,377
Apple AirTag,293,25.11.2024,42,176
Fire TV Stick with Alexa Voice Remote,215,12.04.2025,3,993
TP-Link Deco AX3000 WiFi 6 Mesh System,426,09.05.2024,83,779
Portable Washing Machine,401,16.06.2025,19,405
Loop Exercise Bands,201,07.01.2025,54,27
Laundry Door Post 2.0,388,11.07.2024,44,795
Docking Station USB C to Dual HDMI Adapter,33,16.12.2025,1,105
Non-Slip Suit Clothes Hangers,398,09.06.2024,47,655
Amazon Basics XLR Male to Female Microphone Cable – 3 Feet,138,22.08.2024,29,228
Flexzilla HFZG510YW Garden Lead,167,19.05.2024,30,693
Sabrent 4-Port USB 2.0 Data Hub,171,24.02.2025,3,398
Everydrop by Whirlpool Ice and Water Refrigerator,488,01.08.2024,71,866
Sleek Socket Ultra-Thin Electrical Outlet Cover with 3 Outlet Power Strip,441,18.10.2025,23,711
Fire 7 Kids tablet,134,23.04.2024,7,788
Amazon Basics 3-Foot Extension Cord,416,26.03.2025,10,494
Aegend Swim Goggles,196,02.09.2024,96,47
Amazon Basics 3-Foot Extension Cord,280,10.07.2025,19,841
Blink Outdoor – wireless,42,23.04.2024,73,398
Grampa's Weeder,161,22.01.2025,80,705
T-Sound USB Splitter for Laptop,209,14.09.2024,24,955
Sleek Socket Ultra-Thin Electrical Outlet Cover with 3 Outlet Power Strip,384,13.07.2024,64,388
Miracle-Gro Indoor Plant Food Spikes,44,07.12.2025,37,596
Portable,293,14.11.2024,74,363
Ring Video Doorbell,140,03.04.2025,96,966
Amazon Basics XLR Male to Female Microphone Cable – 3 Feet,191,25.12.2024,94,918
Mini Handheld Vacuum,432,10.06.2024,15,838
Bosch Workshop Air Filter,394,01.07.2024,98,637
ComfiLife Gel Enhanced Seat Cushion,95,22.08.2025,33,420
Wired Over-Ear Headphones,468,13.03.2025,21,418
Non-Abrasive,280,15.02.2025,60,787
Digital Chromatic Tuner for Guitar,434,07.03.2024,90,928
Mr Gold Foaming Car Wash Soap,252,01.12.2024,38,420
Echo Dot (4th Gen) | Smart speaker,383,18.07.2024,52,730
USB Condenser Gaming Microphone,436,09.08.2025,7,463
Sabrent 4-Port USB 2.0 Data Hub,52,02.07.2024,8,465
Wireless Bluetooth Karaoke Microphone,358,02.03.2024,95,463
Bosch Workshop Air Filter,415,24.03.2024,32,379
Paw Patrol,423,22.10.2025,41,317
Mini Fridge with Freeze,64,28.08.2024,51,813
Black Disposable Face Mask,13,25.10.2025,10,167
Catchmaster 72MAX Pest Trap,495,12.01.2024,4,379
Loop Exercise Bands,46,08.12.2025,39,20
Bosch Workshop Air Filter,475,01.02.2024,36,552
TERRO T300 Liquid Ant Baits,433,21.04.2024,4,875
Electric Instrument Cable,468,18.06.2025,23,167
Colorful VSCO Waterproof Stickers,333,19.03.2025,77,966
Digital Chromatic Tuner for Guitar,323,02.06.2025,67,578
Insulated Grocery shopping bag,112,22.10.2024,38,24
ComfiLife Gel Enhanced Seat Cushion,166,19.08.2025,16,661
Flexzilla HFZG510YW Garden Lead,155,10.12.2024,91,135
Led Strip Lights,324,20.01.2025,89,433
Flexzilla HFZG510YW Garden Lead,197,12.01.2025,76,996
High Power,28,01.08.2025,28,865
Sabrent 4-Port USB 2.0 Data Hub,461,24.08.2024,87,444
Ernie Ball Hybrid Slinky Electric Guitar Strings,202,24.12.2025,86,320
TERRO T300 Liquid Ant Baits,303,09.06.2025,33,818
Fire HD 8 tablet,351,02.05.2025,22,630
Echo Dot | Smart speaker,244,08.02.2024,3,98
Apple AirTag,104,10.04.2025,34,334
Wagner's 13008 Deluxe Wild Bird Food,21,05.11.2024,59,934
Sabrent 4-Port USB 2.0 Data Hub,482,28.08.2025,24,630
Non-Abrasive,210,11.06.2025,19,195
Mac Book Pro Charger,293,04.06.2024,35,470
AC Furnace Air Filter,130,22.06.2025,23,243
Traeger Grills Apple,147,26.05.2025,17,122
SONORO KATE Bathroom Rug,477,15.12.2024,75,294
Ernie Ball Hybrid Slinky Electric Guitar Strings,12,02.09.2025,29,722
Fujifilm Instax Mini Instant Film,126,04.02.2025,32,772
Docking Station USB C to Dual HDMI Adapter,142,11.10.2025,7,982
Portable Washing Machine,317,08.11.2025,86,10
Non-Slip Suit Clothes Hangers,189,22.01.2025,43,791
Apple AirTag,301,14.12.2024,32,925
Iron Flask Sports Water Bottle,67,02.07.2025,1,187
Baby Monitor Dog Camera 360-degree,30,12.01.2024,99,605
Insulated Grocery shopping bag,200,02.04.2025,11,147
Neoprene Dumbbell Hand Weights,356,05.06.2025,99,105
Paw Patrol,374,12.08.2025,35,310
Wagner's 13008 Deluxe Wild Bird Food,118,21.02.2025,59,753
Aegend Swim Goggles,493,28.07.2025,2,306
Bed and Couch Pillows,492,01.10.2025,83,149
Bosch Workshop Air Filter,429,03.08.2025,30,384
Non-Abrasive,182,22.12.2025,10,305
Scotts Turf Builder Weed and Feed,268,04.10.2025,20,244
Wyze Cam Spotlight,446,28.01.2025,91,404
Floating Shelves Wall Mounted,159,27.12.2024,47,257
Insulated Grocery shopping bag,401,12.04.2024,5,143
Digital Chromatic Tuner for Guitar,322,22.11.2025,23,739
Callaway 2021 Supersoft Golf Balls 12B PK,334,19.06.2025,44,651
Paw Patrol,49,25.04.2024,80,181
TERRO T300 Liquid Ant Baits,24,01.01.2025,85,662
Ortho Home Defense Insect Killer,305,14.10.2025,0,798
Colorful VSCO Waterproof Stickers,95,23.04.2024,86,66
Portable Washing Machine,125,19.12.2025,3,788
Paw Patrol,472,10.08.2024,37,428
Coleman Sundome Camping Tent,55,17.11.2024,24,983
Microfiber Bed Sheet Set with 14” Deep Pockets,167,05.01.2024,6,240
Acoustic Guitar Strings,363,17.12.2024,62,301
Fire TV Stick with Alexa Voice Remote,196,27.02.2025,69,635
Sabrent 4-Port USB 2.0 Data Hub,9,18.06.2024,39,326
Scotts Turf Builder Weed and Feed,261,05.03.2024,60,851
Floating Shelves Wall Mounted,323,01.02.2024,17,246
Electric Instrument Cable,192,11.06.2024,43,573
Kindle,6,23.12.2025,25,880
Silonn Ice Makers Countertop,368,27.05.2025,33,207
Neoprene Dumbbell Hand Weights,471,24.10.2025,99,213
Amazon Basics 3-Foot Extension Cord,149,16.08.2024,39,656
Silonn Ice Makers Countertop,168,12.10.2024,82,627
Water Repellency Wiper Blade,29,22.10.2025,41,329
Cleaning Gel for Car,106,19.09.2024,18,230
Ernie Ball Hybrid Slinky Electric Guitar Strings,141,20.03.2024,24,881
Miracle-Gro Indoor Plant Food Spikes,281,17.08.2024,87,894
Focusrite Scarlett Solo 3rd Gen USB Audio Interface,439,16.04.2025,53,694
TERRO T300 Liquid Ant Baits,98,14.06.2025,16,924
CHAPIN 20000 Garden Sprayer 1 Gallon Lawn,484,02.06.2025,15,95
Silonn Ice Makers Countertop,7,17.05.2024,14,67
Microfiber Cleaning Cloths,67,07.09.2025,66,488
Black Disposable Face Mask,372,14.08.2025,31,51
Colorful VSCO Waterproof Stickers,17,18.01.2025,85,367
Microfiber Cleaning Cloths,369,23.05.2025,98,886
Wireless Bluetooth Karaoke Microphone,244,10.12.2025,7,501
Fresheracc Fridge Freezer Refrigerator Cabinet Lock Latch,140,01.02.2024,24,461
Wagner's 13008 Deluxe Wild Bird Food,347,26.09.2024,41,579
Silonn Ice Makers Countertop,178,26.03.2025,7,112
Callaway 2021 Supersoft Golf Balls 12B PK,83,13.06.2025,85,411
Acoustic Guitar Strings,125,18.09.2025,19,580
Fresheracc Fridge Freezer Refrigerator Cabinet Lock Latch,432,15.08.2025,2,136
Fujifilm Instax Mini Instant Film,106,16.04.2024,51,152
Scotts Turf Builder Weed and Feed,256,17.12.2025,30,607
Ice Machine Cleaner and Descaler,36,16.04.2024,86,315
Filtrete 10x20x1,165,02.11.2024,48,874
CHAPIN 20000 Garden Sprayer 1 Gallon Lawn,78,05.09.2025,53,520
Bosch Workshop Air Filter,380,21.07.2025,7,308
Standard Replacement Filters for Pitchers and Dispensers,473,10.07.2025,99,245
Portable Laundry Washing Machine,445,20.10.2025,90,41
AC Furnace Air Filter,56,13.09.2024,80,528
Neoprene Dumbbell Hand Weights,102,07.02.2025,28,740
Laundry Door Post 2.0,390,21.08.2025,52,967
Loop Exercise Bands,46,04.01.2024,14,31
Non-Slip Suit Clothes Hangers,174,10.09.2025,19,212
Workout Traveling Running Casual Hands-Free Wallets,289,25.01.2025,28,662
Wired Over-Ear Headphones,481,12.10.2025,74,988
Colorful VSCO Waterproof Stickers,452,22.02.2025,39,872
Grampa's Weeder,246,02.09.2025,53,779
High Power,469,21.02.2024,43,799
Fresheracc Fridge Freezer Refrigerator Cabinet Lock Latch,39,08.02.2024,92,758
Amazon Basics Guitar Folding A-Frame Stand,354,05.11.2024,65,566
Amazon Basics Exercise Yoga Mat,436,04.06.2025,100,645
Bosch Workshop Air Filter,29,07.06.2025,42,888
Focusrite Scarlett Solo 3rd Gen USB Audio Interface,96,07.03.2024,33,522
Pizza Grilling Set,384,06.07.2024,94,65
Mini Handheld Vacuum,426,13.11.2025,99,842
Amazon Basics Guitar Folding A-Frame Stand,66,04.09.2024,62,431
Mobil 1 Extended Performance Full Synthetic Motor Oil,250,08.01.2024,1,962
Iron Flask Sports Water Bottle,19,24.09.2024,38,463
Amazon Basics XLR Male to Female Microphone Cable – 3 Feet,202,02.09.2025,59,90
Focusrite Scarlett Solo 3rd Gen USB Audio Interface,491,08.01.2025,19,345
Traeger Grills Apple,46,19.06.2025,72,504
Miracle-Gro Indoor Plant Food Spikes,179,13.05.2025,56,687
Loop Exercise Bands,488,13.06.2025,17,546
Electric Instrument Cable,482,20.09.2024,59,327
Amazon Basics 3-Foot Extension Cord,276,13.07.2025,63,829
MPR 1500,51,24.12.2025,69,760
Loop Exercise Bands,79,03.05.2025,80,885
Pizza Grilling Set,354,09.05.2024,50,388
Miracle-Gro Indoor Plant Food Spikes,488,10.10.2025,48,652
Wyze Cam Spotlight,83,13.03.2024,95,224
Fire HD 8 tablet,460,19.01.2025,17,720
Apple AirTag,324,01.08.2024,66,262
Silonn Ice Makers Countertop,297,19.01.2024,0,603
Mini Fridge with Freeze,166,24.04.2024,25,74
Mini Handheld Vacuum,11,25.05.2025,58,342
Wyze Cam Spotlight,359,14.08.2025,39,468
Portable Washing Machine,480,16.10.2024,19,617
Ernie Ball Hybrid Slinky Electric Guitar Strings,246,08.05.2024,33,796
Led Strip Lights,448,25.03.2025,17,812
Scotts Turf Builder Weed and Feed,281,17.04.2024,75,852
EcoNour Car Windshield Sun Shade with Storage Pouch,247,25.04.2025,96,464
Reusable and Washable,348,10.01.2025,16,36
Fire TV Stick with Alexa Voice Remote,143,24.07.2025,62,879
Coleman Sundome Camping Tent,347,26.11.2025,23,168
Everydrop by Whirlpool Ice and Water Refrigerator,76,03.11.2024,8,296
Bedside Table with Plastic Poles,453,16.03.2025,3,328
Amazon Basics Guitar Folding A-Frame Stand,107,13.11.2025,1,97
Non-Abrasive,102,07.04.2024,26,892
MPR 1500,454,27.05.2024,51,149
Digital Chromatic Tuner for Guitar,436,20.11.2024,48,943
Loop Exercise Bands,184,25.06.2025,93,487
Iron Flask Sports Water Bottle,467,10.11.2024,47,392
Non-Abrasive,460,23.10.2024,9,839
Echo Dot | Smart speaker,200,14.03.2024,24,977
Silonn Ice Makers Countertop,252,04.02.2024,27,669
ComfiLife Gel Enhanced Seat Cushion,344,19.07.2024,38,972
Baby Monitor Dog Camera 360-degree,442,13.09.2024,21,297
Callaway 2021 Supersoft Golf Balls 12B PK,34,24.06.2025,31,551
SONORO KATE Bathroom Rug,61,28.09.2025,56,342
Kitchens Slow Cooker Liners,57,05.09.2024,56,102
Portable Washing Machine,124,09.10.2025,70,127
Portable Laundry Washing Machine,60,10.04.2024,1,327
Roku Express | HD Streaming Media Player,257,16.10.2025,10,387
Microfiber Cleaning Cloths,215,17.12.2024,36,390
Wyze Cam Spotlight,321,10.09.2025,47,766
Fire TV Cube,122,15.02.2024,63,835
Silonn Ice Makers Countertop,282,18.08.2025,99,174
EcoNour Car Windshield Sun Shade with Storage Pouch,13,27.11.2025,46,325
Amazon Basics 3-Foot Extension Cord,459,15.12.2024,23,859
Water Repellency Wiper Blade,31,08.10.2025,75,591
Amazon Basics Exercise Yoga Mat,9,22.02.2024,21,774
TERRO T300 Liquid Ant Baits,209,11.05.2024,0,814
Fire HD 8 tablet,106,25.11.2024,10,384
Grampa's Weeder,490,13.11.2025,94,312
Standard Replacement Filters for Pitchers and Dispensers,295,08.02.2025,89,968
Ring Video Doorbell,196,19.05.2024,53,208
Blink Outdoor – wireless,2,15.09.2024,94,396
Mac Book Pro Charger,83,04.10.2025,77,7
Command Large Picture Hanging Strips,451,26.01.2025,13,231
Loop Exercise Bands,186,16.12.2024,64,343
Acoustic Guitar Strings,121,17.10.2024,44,651
Led Strip Lights,307,25.07.2025,11,514
Miracle-Gro Indoor Plant Food Spikes,254,19.01.2024,35,916
Veken Non-Slip Rug Pad Gripper,243,25.07.2024,92,108
Bedside Table with Plastic Poles,451,19.10.2024,8,298
Wagner's 13008 Deluxe Wild Bird Food,4,03.07.2024,5,851
Standard Replacement Filters for Pitchers and Dispensers,274,16.07.2024,43,122
Echo Dot (4th Gen) | Smart speaker,59,07.04.2025,26,426
Workout Traveling Running Casual Hands-Free Wallets,166,01.12.2024,87,450
Amazon Basics 3-Foot Extension Cord,400,19.10.2025,59,173
Portable Washing Machine,313,16.03.2025,2,739
Bed and Couch Pillows,338,15.10.2025,13,477
MODVEL 2 Pack Knee Brace,248,07.06.2024,49,352
Kindle,422,01.02.2025,17,868
Smart WiFi Router,96,11.08.2025,12,167
Bedside Table with Plastic Poles,379,21.09.2024,1,585
Iron Flask Sports Water Bottle,304,25.07.2025,22,85
Non-Slip Suit Clothes Hangers,410,21.03.2025,48,722
Blink Outdoor – wireless,421,08.08.2024,73,838
Docking Station USB C to Dual HDMI Adapter,379,17.04.2024,17,637
Kindle,430,12.10.2024,24,703
Fire TV Stick with Alexa Voice Remote,233,22.03.2024,32,115
Docking Station USB C to Dual HDMI Adapter,171,28.12.2025,58,482
Wyze Cam Spotlight,12,24.07.2025,86,957
Portable Washing Machine,102,27.09.2025,3,632
Electric Instrument Cable,279,22.04.2024,34,727
Ring Video Doorbell,145,19.08.2024,24,925
Colorful VSCO Waterproof Stickers,284,10.10.2024,56,780
Acoustic Guitar Strings,59,22.11.2024,0,831
Bed and Couch Pillows,6,05.02.2025,6,766
Healthy Living Ultra Allergen,434,14.01.2024,32,268
Cleaning Gel for Car,150,09.11.2024,73,899
Reusable and Washable,393,08.10.2025,47,549
Coleman Sundome Camping Tent,140,17.03.2025,32,898
a Hands-free streaming device with Alexa,476,22.02.2024,17,651
Neoprene Dumbbell Hand Weights,82,03.07.2024,88,189
Fire 7 Kids tablet,288,17.09.2025,84,757
Wireless Bluetooth Karaoke Microphone,402,22.09.2024,13,249
Command Large Picture Hanging Strips,168,19.12.2024,16,308
Fresheracc Fridge Freezer Refrigerator Cabinet Lock Latch,339,26.01.2024,72,939
Blink Outdoor – wireless,415,21.07.2024,55,468
Traeger Grills Apple,469,28.06.2025,99,826
Paw Patrol,297,14.03.2025,44,490
Sabrent 4-Port USB 2.0 Data Hub,345,22.03.2024,34,73
Kitchens Slow Cooker Liners,289,02.06.2024,72,961
Flexzilla HFZG510YW Garden Lead,15,19.03.2024,64,513
Ernie Ball Hybrid Slinky Electric Guitar Strings,199,03.02.2024,49,776
Portable Laundry Washing Machine,167,12.01.2024,95,905
Apple AirTag,49,06.12.2025,77,646
Standard Replacement Filters for Pitchers and Dispensers,189,19.12.2024,52,405
CHAPIN 20000 Garden Sprayer 1 Gallon Lawn,236,13.06.2024,94,665
Echo Dot | Smart speaker,465,21.12.2024,20,223
a Hands-free streaming device with Alexa,471,19.11.2024,87,630
Wireless Bluetooth Karaoke Microphone,437,21.10.2024,17,945
Everydrop by Whirlpool Ice and Water Refrigerator,181,07.05.2025,79,837
Filtrete 10x20x1,312,20.11.2024,26,690
Blink Outdoor – wireless,120,24.03.2024,47,584
TP-Link Deco AX3000 WiFi 6 Mesh System,62,01.02.2024,92,113
Fire 7 Kids tablet,339,22.03.2025,53,55
Docking Station USB C to Dual HDMI Adapter,173,05.05.2025,77,283
Echo Dot (4th Gen) | Smart speaker,272,23.11.2025,21,136
AC Furnace Air Filter,160,28.08.2025,47,324
Fire 7 Kids tablet,494,22.09.2024,40,920
Standard Replacement Filters for Pitchers and Dispensers,100,04.01.2025,3,473
Portable Laundry Washing Machine,205,01.03.2025,24,324
Standard Replacement Filters for Pitchers and Dispensers,86,26.08.2025,84,780
EcoNour Car Windshield Sun Shade with Storage Pouch,81,23.08.2025,47,202
Docking Station USB C to Dual HDMI Adapter,148,06.09.2024,1,939
Miracle-Gro Indoor Plant Food Spikes,121,11.09.2024,14,964
Mr Gold Foaming Car Wash Soap,152,01.07.2025,50,197
Traeger Grills Apple,483,03.07.2025,90,885
Echo Dot | Smart speaker,393,04.06.2024,9,657
Floating Shelves Wall Mounted,281,19.03.2025,39,505
Traeger Grills Apple,87,25.12.2025,39,998
Portable Countertop Dishwasher,459,26.09.2024,63,68
Filtrete 10x20x1,20,28.05.2024,62,860
Bed and Couch Pillows,138,13.06.2024,13,622
Command Large Picture Hanging Strips,63,06.10.2025,1,575
Cosmo 668ICS750 30 in,488,24.02.2025,67,733
weather-resistant HD security camera,40,26.11.2025,12,849
Pizza Grilling Set,262,25.04.2025,81,495
USB Condenser Gaming Microphone,61,19.09.2025,70,855
Cleaning Gel for Car,195,03.10.2024,88,797
Portable Washing Machine,12,12.02.2024,51,69
Healthy Living Ultra Allergen,57,03.07.2024,18,174
Non-Slip Suit Clothes Hangers,236,07.06.2025,75,208
Roku Express | HD Streaming Media Player,356,10.01.2025,57,594
TERRO T300 Liquid Ant Baits,382,04.12.2025,65,839
Cosmo 668ICS750 30 in,17,07.06.2024,30,61
Mini Fridge with Freeze,359,24.05.2025,83,494
Apple AirTag,367,10.01.2024,50,224
Echo Dot (4th Gen) | Smart speaker,148,18.10.2025,87,729
Ernie Ball Hybrid Slinky Electric Guitar Strings,340,09.12.2024,3,551
Black Disposable Face Mask,167,21.10.2024,45,681
Aegend Swim Goggles,431,28.01.2025,62,617
Pizza Grilling Set,238,18.09.2025,42,378
CHAPIN 20000 Garden Sprayer 1 Gallon Lawn,434,09.02.2025,68,890
Ferilinso Designed for iPhone 13 Pro Max Camera Lens Protector,185,04.09.2024,100,731
Amazon Basics 3-Foot Extension Cord,490,03.10.2025,53,667
Ferilinso Designed for iPhone 13 Pro Max Camera Lens Protector,268,23.03.2024,29,495
ComfiLife Gel Enhanced Seat Cushion,101,08.10.2025,53,986
Kitchens Slow Cooker Liners,500,25.02.2025,11,577
Miracle-Gro Indoor Plant Food Spikes,411,16.10.2024,33,926
Paw Patrol,268,08.12.2025,45,325
Echo Dot | Smart speaker,491,24.09.2024,22,642
Silonn Ice Makers Countertop,85,02.08.2024,92,358
Wyze Cam Spotlight,229,09.10.2025,70,938
TastePure RV/Marine Water Filter with Flexible Hose Protector,366,28.10.2025,41,658
Pizza Grilling Set,361,26.02.2024,30,75
EcoNour Car Windshield Sun Shade with Storage Pouch,165,04.05.2024,45,642
Filtrete 10x20x1,274,17.06.2025,22,858
Water Repellency Wiper Blade,251,14.12.2025,97,394
Laundry Door Post 2.0,35,04.05.2025,71,754
Echo Dot | Smart speaker,473,27.07.2025,44,883
Portable Countertop Dishwasher,116,17.06.2024,61,931
Fire TV Stick with Alexa Voice Remote,428,04.05.2024,100,267
Catchmaster 72MAX Pest Trap,73,19.10.2024,50,584
Loop Exercise Bands,413,25.06.2024,40,57
TastePure RV/Marine Water Filter with Flexible Hose Protector,302,03.06.2025,13,128
Wagner's 13008 Deluxe Wild Bird Food,82,07.10.2024,17,883
Blink Outdoor – wireless,143,20.09.2025,2,380
Fujifilm Instax Mini Instant Film,280,28.12.2025,39,780
TERRO T300 Liquid Ant Baits,249,21.07.2025,57,568
Kindle,409,09.12.2025,51,372
Filtrete 10x20x1,429,15.06.2025,3,197
EcoNour Car Windshield Sun Shade with Storage Pouch,193,19.04.2025,96,206
Cleaning Gel for Car,446,22.12.2024,9,57
Cleaning Gel for Car,445,09.07.2025,46,662
Sleek Socket Ultra-Thin Electrical Outlet Cover with 3 Outlet Power Strip,52,22.07.2025,73,467
Laundry Door Post 2.0,238,14.11.2024,41,444
Veken Non-Slip Rug Pad Gripper,172,07.05.2025,71,789
Flexzilla HFZG510YW Garden Lead,469,12.08.2024,57,7
Fire TV Stick with Alexa Voice Remote,474,28.08.2024,38,970
Laundry Door Post 2.0,94,20.09.2025,85,252
USB Condenser Gaming Microphone,300,21.11.2024,58,512
Fire TV Cube,407,11.11.2024,28,864
Focusrite Scarlett Solo 3rd Gen USB Audio Interface,372,19.10.2025,54,535
Ice Machine Cleaner and Descaler,235,07.03.2025,38,923
Kitchens Slow Cooker Liners,338,26.03.2024,34,570
Bosch Workshop Air Filter,441,01.11.2025,53,89
Mac Book Pro Charger,79,02.08.2024,21,37
Catchmaster 72MAX Pest Trap,390,13.11.2025,79,146
Sabrent 4-Port USB 2.0 Data Hub,363,23.01.2024,45,130
Acoustic Guitar Strings,397,12.12.2024,48,649
Wagner's 13008 Deluxe Wild Bird Food,26,05.12.2025,29,873
Wired Over-Ear Headphones,294,03.05.2024,63,143
Portable,472,13.09.2024,26,593
Silonn Ice Makers Countertop,470,23.07.2025,83,773
Loop Exercise Bands,257,05.09.2025,74,79
Microfiber Bed Sheet Set with 14” Deep Pockets,176,20.09.2025,16,507
Electric Instrument Cable,94,13.11.2025,72,362
Cosmo 668ICS750 30 in,470,05.07.2025,75,994
Neoprene Dumbbell Hand Weights,72,06.01.2025,56,363
Black Disposable Face Mask,48,07.09.2025,59,17
Sabrent 4-Port USB 2.0 Data Hub,439,09.11.2024,39,488
Loop Exercise Bands,50,15.02.2024,37,228
T-Sound USB Splitter for Laptop,279,08.01.2025,68,847
Everydrop by Whirlpool Ice and Water Refrigerator,175,10.07.2025,73,621
Traeger Grills Apple,168,27.06.2025,57,431
AC Furnace Air Filter,219,04.01.2024,88,218
Loop Exercise Bands,285,27.01.2025,66,616
Loop Exercise Bands,446,03.11.2024,1,848
Kindle,361,18.11.2024,35,304
TERRO T300 Liquid Ant Baits,82,19.08.2025,18,81
Wagner's 13008 Deluxe Wild Bird Food,3,07.10.2025,60,621
Digital Chromatic Tuner for Guitar,46,22.11.2025,65,509
MPR 1500,290,18.10.2025,93,219
SONORO KATE Bathroom Rug,360,06.05.2024,49,870
Docking Station USB C to Dual HDMI Adapter,419,27.09.2025,89,305
Laundry Door Post 2.0,171,13.06.2025,89,674
Command Large Picture Hanging Strips,145,22.12.2025,97,481
Miracle-Gro Indoor Plant Food Spikes,315,26.07.2025,0,95
CHAPIN 20000 Garden Sprayer 1 Gallon Lawn,274,21.05.2025,7,860
weather-resistant HD security camera,93,27.06.2025,63,739
Blink Outdoor – wireless,241,16.10.2024,99,792
Wagner's 13008 Deluxe Wild Bird Food,154,15.10.2024,92,845
Reusable and Washable,33,21.09.2025,19,472
Amazon Basics Exercise Yoga Mat,488,06.08.2024,43,770
Veken Non-Slip Rug Pad Gripper,27,11.12.2024,71,482
TastePure RV/Marine Water Filter with Flexible Hose Protector,391,17.09.2025,93,581
Sleek Socket Ultra-Thin Electrical Outlet Cover with 3 Outlet Power Strip,362,22.03.2025,80,908
Wagner's 13008 Deluxe Wild Bird Food,479,13.03.2025,20,959
Bedside Table with Plastic Poles,469,12.02.2024,37,252
Ferilinso Designed for iPhone 13 Pro Max Camera Lens Protector,153,03.12.2025,82,427
Insulated Grocery shopping bag,350,25.10.2024,6,51
Mini Handheld Vacuum,399,12.10.2024,93,162
Acoustic Guitar Strings,216,23.09.2025,77,690
Colorful VSCO Waterproof Stickers,334,06.05.2024,45,747
Coleman Sundome Camping Tent,223,12.09.2025,8,610
Amazon Basics Guitar Folding A-Frame Stand,73,02.04.2024,83,269
Digital Chromatic Tuner for Guitar,390,09.07.2024,65,396
Portable Washing Machine,191,02.06.2024,27,869
Standard Replacement Filters for Pitchers and Dispensers,231,10.06.2024,97,95
TERRO T300 Liquid Ant Baits,124,21.04.2025,54,582
Colorful VSCO Waterproof Stickers,474,16.09.2025,59,988
Smart WiFi Router,218,04.12.2025,87,293
CHAPIN 20000 Garden Sprayer 1 Gallon Lawn,423,01.02.2025,18,20
Bosch Workshop Air Filter,479,21.07.2024,100,966
Focusrite Scarlett Solo 3rd Gen USB Audio Interface,442,05.10.2025,1,975
Catchmaster 72MAX Pest Trap,275,25.11.2024,72,409
Pizza Grilling Set,4,02.09.2024,22,453
Baby Monitor Dog Camera 360-degree,242,24.04.2025,8,926
Mini Fridge with Freeze,361,05.01.2025,75,54
Ferilinso Designed for iPhone 13 Pro Max Camera Lens Protector,465,05.09.2024,30,553
Veken Non-Slip Rug Pad Gripper,237,17.07.2024,59,914
USB Condenser Gaming Microphone,183,22.10.2025,64,314
Veken Non-Slip Rug Pad Gripper,441,20.11.2024,63,630
Ortho Home Defense Insect Killer,264,06.02.2025,15,43
Docking Station USB C to Dual HDMI Adapter,197,20.02.2024,31,633
Laundry Door Post 2.0,69,11.07.2025,98,688
Mini Fridge with Freeze,258,23.08.2024,19,602
Loop Exercise Bands,409,11.11.2025,15,441
Bed and Couch Pillows,141,19.06.2025,28,492
Workout Traveling Running Casual Hands-Free Wallets,456,21.10.2025,48,876
Fire TV Cube,104,26.04.2025,22,300
Microfiber Cleaning Cloths,293,22.08.2024,44,808
Portable Countertop Dishwasher,28,17.09.2025,30,760
Workout Traveling Running Casual Hands-Free Wallets,323,15.06.2025,59,49
Fire HD 8 tablet,262,28.07.2025,56,174
Paw Patrol,250,08.01.2025,93,897
Scotts Turf Builder Weed and Feed,224,06.10.2024,45,964
Fire 7 Kids tablet,303,18.09.2025,33,277
Mini Fridge with Freeze,232,14.12.2025,49,115
Water Repellency Wiper Blade,304,08.10.2024,5,72
Sabrent 4-Port USB 2.0 Data Hub,173,26.05.2025,12,905
Digital Chromatic Tuner for Guitar,164,03.12.2025,41,581
Mr Gold Foaming Car Wash Soap,197,16.08.2024,25,105
Water Repellency Wiper Blade,401,25.10.2024,41,335
High Power,317,15.08.2025,25,573
Traeger Grills Apple,163,20.05.2025,53,394
Digital Chromatic Tuner for Guitar,209,14.06.2025,8,988
EcoNour Car Windshield Sun Shade with Storage Pouch,476,05.08.2024,11,262
ComfiLife Gel Enhanced Seat Cushion,432,04.08.2024,90,708
Bosch Workshop Air Filter,279,15.11.2024,64,701
Paw Patrol,422,02.10.2025,36,970
Mini Fridge with Freeze,222,06.01.2024,62,15
Bed and Couch Pillows,163,17.05.2025,79,782
Bathroom Cart Organizer Mobile Shelving,428,19.02.2025,76,967
a Hands-free streaming device with Alexa,108,26.11.2024,78,968
Iron Flask Sports Water Bottle,138,15.11.2025,80,171
SONORO KATE Bathroom Rug,280,01.02.2025,89,230
Bosch Workshop Air Filter,354,05.04.2024,1,319
Standard Replacement Filters for Pitchers and Dispensers,314,17.10.2024,70,195
Fire 7 Kids tablet,9,23.03.2024,67,540
Cleaning Gel for Car,247,08.10.2025,77,612
Scotts Turf Builder Weed and Feed,245,17.01.2025,22,38
Cosmo 668ICS750 30 in,219,15.04.2025,10,237
ComfiLife Gel Enhanced Seat Cushion,275,28.01.2024,13,683
Ferilinso Designed for iPhone 13 Pro Max Camera Lens Protector,249,20.01.2024,90,8
Traeger Grills Apple,274,10.05.2024,8,250
Callaway 2021 Supersoft Golf Balls 12B PK,214,07.09.2024,92,20
Wagner's 13008 Deluxe Wild Bird Food,128,17.05.2024,74,385
Electric Instrument Cable,385,09.11.2024,17,935
Mini Handheld Vacuum,67,10.11.2025,38,666
Callaway 2021 Supersoft Golf Balls 12B PK,258,20.06.2024,74,927
Black Disposable Face Mask,399,16.11.2024,1,627
Floating Shelves Wall Mounted,182,10.11.2024,14,157
Fire HD 8 tablet,93,18.07.2025,82,361
Non-Slip Suit Clothes Hangers,256,14.11.2024,48,950
Non-Abrasive,53,22.05.2024,20,152
Blink Outdoor – wireless,481,19.12.2025,28,437
Neoprene Dumbbell Hand Weights,449,08.07.2025,57,495
weather-resistant HD security camera,257,07.10.2024,67,710
Docking Station USB C to Dual HDMI Adapter,437,24.11.2025,46,339
Pizza Grilling Set,135,08.03.2025,74,734
Traeger Grills Apple,137,13.06.2025,48,494
Sleek Socket Ultra-Thin Electrical Outlet Cover with 3 Outlet Power Strip,116,01.01.2025,44,536
Ice Machine Cleaner and Descaler,89,05.03.2025,46,43
Smart WiFi Router,109,17.03.2025,54,148
Echo Dot (4th Gen) | Smart speaker,117,04.09.2025,89,351
SONORO KATE Bathroom Rug,342,08.11.2025,63,14
Acoustic Guitar Strings,260,03.06.2024,55,582
Veken Non-Slip Rug Pad Gripper,92,04.01.2024,83,24
Amazon Basics XLR Male to Female Microphone Cable – 3 Feet,283,10.01.2024,91,868
Loop Exercise Bands,292,10.02.2025,25,804
Cosmo 668ICS750 30 in,394,27.01.2024,3,932
Wired Over-Ear Headphones,433,18.01.2024,27,913
Intex Dura-Beam Deluxe Comfort Plush Air Mattress,68,25.07.2025,69,545
Wired Over-Ear Headphones,492,12.05.2025,22,612
Paw Patrol,111,01.03.2025,21,944
Cosmo 668ICS750 30 in,467,19.08.2024,62,120
Microfiber Cleaning Cloths,222,23.09.2024,17,456
Miracle-Gro Indoor Plant Food Spikes,328,08.05.2024,20,244
TERRO T300 Liquid Ant Baits,333,19.10.2025,5,7
Digital Chromatic Tuner for Guitar,452,19.08.2024,46,604
Mr Gold Foaming Car Wash Soap,356,07.06.2024,83,308
Ortho Home Defense Insect Killer,493,18.12.2025,90,982
Mini Handheld Vacuum,105,03.09.2025,58,839
Scotts Turf Builder Weed and Feed,35,10.12.2024,31,636
Ice Machine Cleaner and Descaler,188,14.02.2025,53,626
Portable Washing Machine,265,18.06.2025,52,584
USB Condenser Gaming Microphone,476,09.03.2025,97,370
Scotts Turf Builder Weed and Feed,233,26.02.2024,10,816
Apple AirTag,405,04.09.2025,57,249
Led Strip Lights,223,10.08.2025,15,761
High Power,496,18.11.2025,43,247
ComfiLife Gel Enhanced Seat Cushion,154,18.05.2025,60,447
Coleman Sundome Camping Tent,434,25.03.2025,24,308
Fire 7 Kids tablet,108,22.06.2024,36,855
Amazon Basics Guitar Folding A-Frame Stand,372,18.02.2024,5,366
Focusrite Scarlett Solo 3rd Gen USB Audio Interface,27,20.09.2024,59,7
Everydrop by Whirlpool Ice and Water Refrigerator,12,21.04.2025,72,699
TP-Link Deco AX3000 WiFi 6 Mesh System,444,22.02.2024,58,421
Ernie Ball Hybrid Slinky Electric Guitar Strings,62,08.08.2025,64,505
Ring Video Doorbell,272,23.05.2024,99,993
Bedside Table with Plastic Poles,184,17.01.2025,55,674
MODVEL 2 Pack Knee Brace,227,18.08.2025,69,568
Amazon Basics XLR Male to Female Microphone Cable – 3 Feet,112,24.05.2025,6,251
Everydrop by Whirlpool Ice and Water Refrigerator,44,28.11.2025,26,160
Focusrite Scarlett Solo 3rd Gen USB Audio Interface,425,04.03.2024,78,872
Non-Slip Suit Clothes Hangers,121,24.02.2025,89,29
Fire HD 8 tablet,22,24.04.2025,8,817
Ernie Ball Hybrid Slinky Electric Guitar Strings,435,21.01.2024,73,400
Mini Fridge with Freeze,185,20.05.2024,20,229
Standard Replacement Filters for Pitchers and Dispensers,464,26.04.2025,72,471
Catchmaster 72MAX Pest Trap,79,05.01.2025,47,144
Fujifilm Instax Mini Instant Film,481,02.02.2025,9,661
MODVEL 2 Pack Knee Brace,63,01.02.2025,92,525
Mobil 1 Extended Performance Full Synthetic Motor Oil,206,06.11.2024,83,73
Smart WiFi Router,84,24.05.2024,2,496
SONORO KATE Bathroom Rug,309,06.11.2024,43,761
Colorful VSCO Waterproof Stickers,410,18.12.2025,99,875
Loop Exercise Bands,369,01.06.2024,69,534
Cleaning Gel for Car,217,12.02.2024,8,133
Wired Over-Ear Headphones,68,19.09.2025,11,49
MODVEL 2 Pack Knee Brace,120,26.05.2024,20,505
Veken Non-Slip Rug Pad Gripper,380,23.06.2024,39,221
Ring Video Doorbell,46,12.12.2025,48,178
Mac Book Pro Charger,400,04.11.2024,96,359
Loop Exercise Bands,373,26.01.2025,79,54
Veken Non-Slip Rug Pad Gripper,427,16.06.2025,54,472
Command Large Picture Hanging Strips,257,08.02.2025,8,11
Flexzilla HFZG510YW Garden Lead,65,09.02.2025,87,817
Command Large Picture Hanging Strips,3,21.07.2025,46,547
Ring Video Doorbell,426,13.09.2024,17,666
TP-Link Deco AX3000 WiFi 6 Mesh System,256,25.10.2025,31,83
Led Strip Lights,439,19.01.2024,63,857
Ice Machine Cleaner and Descaler,376,27.12.2024,0,896
Microfiber Bed Sheet Set with 14” Deep Pockets,393,05.08.2025,73,168
Callaway 2021 Supersoft Golf Balls 12B PK,12,19.09.2024,60,234
Intex Dura-Beam Deluxe Comfort Plush Air Mattress,229,02.02.2025,23,554
Traeger Grills Apple,421,10.03.2024,7,920
Pizza Grilling Set,288,12.06.2024,88,939
Sleek Socket Ultra-Thin Electrical Outlet Cover with 3 Outlet Power Strip,60,14.10.2024,58,543
Fire HD 8 tablet,236,08.09.2025,63,829
AC Furnace Air Filter,253,09.05.2025,12,355
Ferilinso Designed for iPhone 13 Pro Max Camera Lens Protector,104,10.07.2025,79,698
TastePure RV/Marine Water Filter with Flexible Hose Protector,243,21.09.2024,32,430
Fresheracc Fridge Freezer Refrigerator Cabinet Lock Latch,210,01.05.2024,86,369
Wagner's 13008 Deluxe Wild Bird Food,362,28.06.2025,100,195
Electric Instrument Cable,474,13.06.2025,44,172
Bedside Table with Plastic Poles,444,08.09.2025,83,653
Acoustic Guitar Strings,443,27.09.2024,75,436
TP-Link Deco AX3000 WiFi 6 Mesh System,194,10.12.2025,82,85
Silonn Ice Makers Countertop,110,19.03.2025,20,4
Blink Outdoor – wireless,194,12.03.2025,63,288
a Hands-free streaming device with Alexa,321,22.01.2025,54,474
Reusable and Washable,492,16.02.2025,20,275
Bedside Table with Plastic Poles,369,24.07.2025,11,920
Water Repellency Wiper Blade,257,04.06.2025,71,766
Portable Washing Machine,73,02.09.2025,8,595
Ortho Home Defense Insect Killer,425,12.06.2024,35,902
Paw Patrol,481,01.04.2025,68,607
Bedside Table with Plastic Poles,227,24.05.2025,83,875
Fresheracc Fridge Freezer Refrigerator Cabinet Lock Latch,375,22.04.2024,0,460
Colorful VSCO Waterproof Stickers,394,07.09.2025,50,354
Sabrent 4-Port USB 2.0 Data Hub,53,19.05.2024,55,981
Healthy Living Ultra Allergen,290,09.06.2025,38,704
AC Furnace Air Filter,373,26.06.2024,77,70
Mini Fridge with Freeze,202,24.01.2024,92,724
Filtrete 10x20x1,349,21.05.2025,56,511
Microfiber Bed Sheet Set with 14” Deep Pockets,181,09.06.2024,17,344
Non-Slip Suit Clothes Hangers,376,17.07.2025,93,567
Echo Dot (4th Gen) | Smart speaker,43,28.11.2025,75,1000
Non-Abrasive,47,27.07.2025,97,511
Aegend Swim Goggles,146,04.01.2024,92,669
Water Repellency Wiper Blade,60,13.04.2024,43,37
Ortho Home Defense Insect Killer,495,16.10.2025,88,495
TERRO T300 Liquid Ant Baits,330,08.09.2024,65,838
Catchmaster 72MAX Pest Trap,313,11.10.2024,87,230
Flexzilla HFZG510YW Garden Lead,102,08.12.2025,89,979
Fire TV Stick with Alexa Voice Remote,294,07.04.2024,2,619
Water Repellency Wiper Blade,385,26.02.2025,96,272
Portable,490,22.07.2024,14,362
TastePure RV/Marine Water Filter with Flexible Hose Protector,190,11.05.2024,46,829
Coleman Sundome Camping Tent,278,25.09.2025,87,412
Cleaning Gel for Car,308,27.07.2025,15,877
Fire 7 Kids tablet,389,16.11.2025,56,41
Neoprene Dumbbell Hand Weights,226,02.09.2024,25,862
Black Disposable Face Mask,322,21.07.2025,98,531
Acoustic Guitar Strings,303,08.12.2025,91,759
Scotts Turf Builder Weed and Feed,393,17.03.2025,99,741
Ferilinso Designed for iPhone 13 Pro Max Camera Lens Protector,238,19.03.2025,36,265
weather-resistant HD security camera,426,25.04.2025,89,813
Non-Slip Suit Clothes Hangers,96,27.04.2025,87,812
Loop Exercise Bands,20,16.03.2024,6,691
Non-Slip Suit Clothes Hangers,215,13.02.2025,31,1000
Fire TV Stick with Alexa Voice Remote,475,09.10.2025,18,854
Cosmo 668ICS750 30 in,329,12.01.2025,85,684
Wagner's 13008 Deluxe Wild Bird Food,366,06.08.2025,75,101
Floating Shelves Wall Mounted,147,24.01.2024,87,76
Non-Abrasive,283,25.07.2025,3,761
Blink Outdoor – wireless,265,11.09.2025,59,497
Kindle,374,03.08.2025,97,968
Everydrop by Whirlpool Ice and Water Refrigerator,280,21.06.2025,54,362
Pizza Grilling Set,331,22.10.2024,37,781
Pizza Grilling Set,46,04.01.2025,62,349
Everydrop by Whirlpool Ice and Water Refrigerator,75,09.01.2025,19,229
Iron Flask Sports Water Bottle,338,19.02.2024,7,754
a Hands-free streaming device with Alexa,146,21.06.2025,92,286
Aegend Swim Goggles,391,09.01.2025,78,610
Catchmaster 72MAX Pest Trap,211,05.05.2024,46,900
Wireless Bluetooth Karaoke Microphone,50,09.08.2024,36,349
Portable Washing Machine,201,23.09.2024,91,710
EcoNour Car Windshield Sun Shade with Storage Pouch,11,14.11.2025,19,144
AC Furnace Air Filter,9,25.10.2025,38,122
MODVEL 2 Pack Knee Brace,394,27.06.2025,0,683
Neoprene Dumbbell Hand Weights,13,11.12.2025,97,356
Fujifilm Instax Mini Instant Film,420,16.10.2024,22,617
Amazon Basics Exercise Yoga Mat,200,27.11.2025,40,729
Amazon Basics Exercise Yoga Mat,7,22.05.2025,56,587
Callaway 2021 Supersoft Golf Balls 12B PK,340,23.06.2024,9,719
Baby Monitor Dog Camera 360-degree,42,15.04.2025,13,841
Cosmo 668ICS750 30 in,379,05.10.2024,52,451
Wagner's 13008 Deluxe Wild Bird Food,107,13.04.2024,21,721
a Hands-free streaming device with Alexa,426,06.02.2024,61,530
Floating Shelves Wall Mounted,399,06.09.2025,43,772
Portable,436,16.04.2024,21,445
Echo Dot (4th Gen) | Smart speaker,9,12.01.2025,26,324
Fujifilm Instax Mini Instant Film,197,22.03.2024,53,443
Amazon Basics 3-Foot Extension Cord,24,09.07.2025,70,724
Electric Instrument Cable,268,08.02.2025,77,71
Mac Book Pro Charger,465,08.03.2024,39,505
Non-Slip Suit Clothes Hangers,279,13.01.2024,23,152
Ferilinso Designed for iPhone 13 Pro Max Camera Lens Protector,350,08.01.2025,67,587
Iron Flask Sports Water Bottle,280,14.07.2025,49,956
Wired Over-Ear Headphones,188,28.01.2025,11,597
Amazon Basics XLR Male to Female Microphone Cable – 3 Feet,26,06.04.2025,80,992
Insulated Grocery shopping bag,147,21.07.2025,98,77
Pizza Grilling Set,370,20.10.2024,0,869
Water Repellency Wiper Blade,478,02.12.2025,70,850
Apple AirTag,302,03.01.2025,23,196
Digital Chromatic Tuner for Guitar,309,23.08.2024,45,542
Workout Traveling Running Casual Hands-Free Wallets,439,03.03.2025,5,846
SONORO KATE Bathroom Rug,74,03.03.2024,23,14
Portable Countertop Dishwasher,55,22.01.2024,93,527
Portable Countertop Dishwasher,45,07.06.2025,91,572
Non-Abrasive,12,05.02.2024,40,436
High Power,96,22.04.2024,73,153
Portable Countertop Dishwasher,414,15.10.2024,41,413
SONORO KATE Bathroom Rug,266,12.01.2024,27,271
Cleaning Gel for Car,429,08.02.2024,37,921
Everydrop by Whirlpool Ice and Water Refrigerator,137,23.08.2025,61,520
Bed and Couch Pillows,274,07.08.2025,63,414
Traeger Grills Apple,124,27.04.2024,6,658
Non-Slip Suit Clothes Hangers,458,14.05.2024,95,800
Everydrop by Whirlpool Ice and Water Refrigerator,350,12.02.2024,32,634
Fire TV Cube,426,01.06.2025,55,688
Smart WiFi Router,239,14.08.2025,69,726
Non-Slip Suit Clothes Hangers,22,14.07.2024,62,475
Bathroom Cart Organizer Mobile Shelving,117,05.11.2025,94,924
Mini Handheld Vacuum,388,04.03.2025,81,793
Ernie Ball Hybrid Slinky Electric Guitar Strings,57,21.02.2024,22,606
Coleman Sundome Camping Tent,499,17.05.2024,71,215
Apple AirTag,199,14.12.2024,72,131
Bed and Couch Pillows,319,26.03.2024,43,889
Fire 7 Kids tablet,270,21.06.2024,84,532
Ice Machine Cleaner and Descaler,358,28.09.2025,90,647
Water Repellency Wiper Blade,289,10.06.2024,45,912
Ferilinso Designed for iPhone 13 Pro Max Camera Lens Protector,231,17.05.2024,73,244
Cosmo 668ICS750 30 in,132,04.07.2025,34,166
Bathroom Cart Organizer Mobile Shelving,39,27.07.2024,30,200
Iron Flask Sports Water Bottle,78,19.08.2025,42,75
Ernie Ball Hybrid Slinky Electric Guitar Strings,220,22.01.2024,95,662
Amazon Basics XLR Male to Female Microphone Cable – 3 Feet,142,08.10.2024,68,425
Echo Dot (4th Gen) | Smart speaker,292,14.02.2025,30,54
Sabrent 4-Port USB 2.0 Data Hub,39,27.10.2025,82,224
Non-Abrasive,47,23.01.2025,27,992
Reusable and Washable,66,02.01.2025,55,521
Amazon Basics XLR Male to Female Microphone Cable – 3 Feet,48,16.06.2025,66,964
Filtrete 10x20x1,267,08.12.2025,88,995
Wireless Bluetooth Karaoke Microphone,393,15.10.2025,53,551
Iron Flask Sports Water Bottle,299,27.06.2024,39,648
TP-Link Deco AX3000 WiFi 6 Mesh System,425,25.07.2024,88,56
CHAPIN 20000 Garden Sprayer 1 Gallon Lawn,320,26.10.2025,53,247
Workout Traveling Running Casual Hands-Free Wallets,438,16.06.2025,34,791
Ring Video Doorbell,340,25.12.2025,26,31
USB Condenser Gaming Microphone,51,06.04.2025,90,130
Mr Gold Foaming Car Wash Soap,341,10.09.2024,31,947
Everydrop by Whirlpool Ice and Water Refrigerator,426,06.03.2025,6,657
Neoprene Dumbbell Hand Weights,344,23.03.2025,81,733
Ring Video Doorbell,441,18.01.2024,35,540
Digital Chromatic Tuner for Guitar,14,27.10.2025,24,678
Blink Outdoor – wireless,231,05.01.2025,4,512
Cosmo 668ICS750 30 in,481,26.08.2025,27,532
Bosch Workshop Air Filter,280,10.03.2024,42,480
Fire 7 Kids tablet,358,25.12.2024,33,714
Electric Instrument Cable,466,05.07.2024,57,328
Mobil 1 Extended Performance Full Synthetic Motor Oil,460,26.07.2025,27,952
SONORO KATE Bathroom Rug,200,04.05.2024,11,263
Focusrite Scarlett Solo 3rd Gen USB Audio Interface,318,02.09.2025,8,12
Mini Fridge with Freeze,426,26.01.2025,25,66
Wagner's 13008 Deluxe Wild Bird Food,209,08.03.2024,38,54
Wireless Bluetooth Karaoke Microphone,269,09.09.2024,21,820
Roku Express | HD Streaming Media Player,494,06.10.2024,46,813
Fire TV Cube,27,12.06.2024,87,70
Colorful VSCO Waterproof Stickers,138,02.08.2025,12,685
Flexzilla HFZG510YW Garden Lead,239,08.07.2025,51,188
AC Furnace Air Filter,45,24.09.2025,82,415
Callaway 2021 Supersoft Golf Balls 12B PK,416,21.09.2024,95,2
Grampa's Weeder,39,19.10.2025,85,648
Ferilinso Designed for iPhone 13 Pro Max Camera Lens Protector,170,13.12.2024,78,664
Baby Monitor Dog Camera 360-degree,154,09.05.2024,17,980
Floating Shelves Wall Mounted,202,09.05.2024,52,521
Flexzilla HFZG510YW Garden Lead,366,03.03.2024,2,723
Portable Washing Machine,99,23.03.2024,98,905
EcoNour Car Windshield Sun Shade with Storage Pouch,153,12.08.2024,72,181
Scotts Turf Builder Weed and Feed,196,26.01.2024,75,201
Command Large Picture Hanging Strips,256,22.09.2024,38,490
SONORO KATE Bathroom Rug,106,07.06.2025,10,992
Roku Express | HD Streaming Media Player,490,18.04.2025,80,231
Black Disposable Face Mask,76,18.06.2025,70,458
Ring Video Doorbell,311,03.06.2025,53,169
Floating Shelves Wall Mounted,236,13.12.2025,24,769
Sabrent 4-Port USB 2.0 Data Hub,361,23.09.2025,71,640
Neoprene Dumbbell Hand Weights,173,07.07.2024,0,241
Scotts Turf Builder Weed and Feed,350,01.07.2024,90,967
Loop Exercise Bands,432,05.12.2025,24,487
Aegend Swim Goggles,64,23.09.2024,6,429
Grampa's Weeder,64,08.05.2025,59,94
Portable Countertop Dishwasher,434,28.10.2024,27,338
Apple AirTag,134,20.01.2024,96,871
Traeger Grills Apple,208,03.06.2024,83,923
Flexzilla HFZG510YW Garden Lead,379,26.01.2024,42,262
Laundry Door Post 2.0,149,08.07.2025,79,152
Flexzilla HFZG510YW Garden Lead,155,03.11.2024,82,649
Blink Outdoor – wireless,93,20.05.2025,23,68
Mobil 1 Extended Performance Full Synthetic Motor Oil,222,20.02.2024,93,439
Catchmaster 72MAX Pest Trap,403,13.02.2024,8,145
Docking Station USB C to Dual HDMI Adapter,416,05.06.2024,66,755
AC Furnace Air Filter,182,20.10.2025,82,558
Bed and Couch Pillows,303,14.11.2024,52,718
Portable Washing Machine,140,11.09.2025,12,60
TERRO T300 Liquid Ant Baits,202,02.06.2025,48,356
Catchmaster 72MAX Pest Trap,236,15.03.2025,79,908
Electric Instrument Cable,287,22.09.2024,86,954
Cosmo 668ICS750 30 in,273,07.03.2024,33,753
Mini Handheld Vacuum,275,03.09.2025,8,22
Docking Station USB C to Dual HDMI Adapter,490,21.12.2025,46,353
TERRO T300 Liquid Ant Baits,336,23.03.2025,70,119
Pizza Grilling Set,40,25.09.2025,16,210
ComfiLife Gel Enhanced Seat Cushion,465,26.10.2025,19,304
Colorful VSCO Waterproof Stickers,87,26.10.2024,14,448
Echo Dot (4th Gen) | Smart speaker,235,05.02.2024,2,550
Wired Over-Ear Headphones,57,19.05.2024,5,447
Flexzilla HFZG510YW Garden Lead,404,27.01.2024,12,145
Roku Express | HD Streaming Media Player,469,18.08.2025,34,230
Wireless Bluetooth Karaoke Microphone,145,01.02.2025,17,283
Electric Instrument Cable,62,01.05.2024,99,914
SONORO KATE Bathroom Rug,98,20.06.2025,25,891
Fire HD 8 tablet,462,28.12.2024,30,834
Paw Patrol,82,21.03.2024,3,276
Amazon Basics 3-Foot Extension Cord,125,02.04.2024,54,369
Callaway 2021 Supersoft Golf Balls 12B PK,245,19.05.2024,0,312
Sabrent 4-Port USB 2.0 Data Hub,319,23.09.2025,5,134
USB Condenser Gaming Microphone,100,15.03.2024,15,416
Echo Dot | Smart speaker,216,04.09.2025,61,384
Water Repellency Wiper Blade,475,04.08.2024,24,430
Pizza Grilling Set,385,01.08.2025,26,707
ComfiLife Gel Enhanced Seat Cushion,178,28.09.2025,12,954
Mini Handheld Vacuum,347,25.11.2025,8,738
Wireless Bluetooth Karaoke Microphone,267,03.07.2025,70,841
Miracle-Gro Indoor Plant Food Spikes,115,16.09.2025,93,151
Kindle,93,09.06.2024,63,751
Callaway 2021 Supersoft Golf Balls 12B PK,363,28.07.2024,35,95
Ernie Ball Hybrid Slinky Electric Guitar Strings,124,06.12.2025,20,181
Intex Dura-Beam Deluxe Comfort Plush Air Mattress,69,22.05.2024,77,496
Portable Washing Machine,200,17.10.2024,17,187
Amazon Basics Guitar Folding A-Frame Stand,166,03.09.2024,22,812
Mac Book Pro Charger,425,20.10.2025,78,590
Kindle,135,14.05.2024,54,655
Ernie Ball Hybrid Slinky Electric Guitar Strings,209,04.07.2024,63,672
SONORO KATE Bathroom Rug,460,09.11.2024,74,841
Mini Fridge with Freeze,452,07.02.2025,84,431
Scotts Turf Builder Weed and Feed,252,11.11.2025,42,910
Acoustic Guitar Strings,29,08.05.2025,25,434
Portable Laundry Washing Machine,130,25.10.2025,11,187
Non-Abrasive,29,11.10.2025,93,542
Electric Instrument Cable,431,11.04.2024,40,166
weather-resistant HD security camera,15,17.07.2024,45,815
Veken Non-Slip Rug Pad Gripper,412,02.03.2025,32,520
Fujifilm Instax Mini Instant Film,11,20.11.2025,58,771
Mac Book Pro Charger,305,19.04.2024,7,246
Bed and Couch Pillows,384,06.11.2025,76,883
Non-Abrasive,371,13.05.2024,4,274
Neoprene Dumbbell Hand Weights,205,01.10.2024,96,544
Catchmaster 72MAX Pest Trap,61,16.10.2024,13,916
weather-resistant HD security camera,384,26.03.2025,12,485
Water Repellency Wiper Blade,402,16.10.2024,60,221
Everydrop by Whirlpool Ice and Water Refrigerator,330,20.06.2025,73,459
CHAPIN 20000 Garden Sprayer 1 Gallon Lawn,108,11.04.2025,3,598
Microfiber Cleaning Cloths,500,11.03.2024,18,114
Baby Monitor Dog Camera 360-degree,14,10.02.2024,90,914
Reusable and Washable,466,05.12.2024,28,913
Fujifilm Instax Mini Instant Film,30,06.07.2025,90,208
Coleman Sundome Camping Tent,144,07.10.2025,25,449
Baby Monitor Dog Camera 360-degree,340,16.12.2025,45,808
Apple AirTag,353,24.05.2025,68,601
Fresheracc Fridge Freezer Refrigerator Cabinet Lock Latch,368,27.12.2025,24,552
Reusable and Washable,447,03.09.2025,82,149
Colorful VSCO Waterproof Stickers,484,17.02.2025,39,648
Fresheracc Fridge Freezer Refrigerator Cabinet Lock Latch,238,15.01.2025,14,667
TP-Link Deco AX3000 WiFi 6 Mesh System,110,23.02.2024,77,766
Coleman Sundome Camping Tent,485,22.08.2024,54,832
Paw Patrol,215,08.01.2025,99,782
Command Large Picture Hanging Strips,117,09.11.2025,36,911
Portable Countertop Dishwasher,90,28.07.2024,47,71
Command Large Picture Hanging Strips,111,18.05.2025,75,92
Digital Chromatic Tuner for Guitar,343,15.08.2025,65,514
weather-resistant HD security camera,154,12.04.2025,63,728
Paw Patrol,416,19.03.2025,10,50
Callaway 2021 Supersoft Golf Balls 12B PK,381,02.08.2025,92,50
Mini Fridge with Freeze,370,22.04.2025,68,426
Scotts Turf Builder Weed and Feed,149,07.12.2025,47,630
Insulated Grocery shopping bag,132,05.05.2025,73,615
Catchmaster 72MAX Pest Trap,416,10.05.2025,19,774
TP-Link Deco AX3000 WiFi 6 Mesh System,497,11.05.2024,68,416
Echo Dot (4th Gen) | Smart speaker,452,25.12.2024,4,830
Amazon Basics Exercise Yoga Mat,494,15.04.2024,89,847
Smart WiFi Router,370,08.11.2024,28,5
Microfiber Bed Sheet Set with 14” Deep Pockets,227,12.02.2024,91,618
Mac Book Pro Charger,192,05.06.2025,11,410
Neoprene Dumbbell Hand Weights,454,14.05.2025,23,222
SONORO KATE Bathroom Rug,304,04.10.2024,56,722
Ernie Ball Hybrid Slinky Electric Guitar Strings,103,05.12.2025,22,103
MODVEL 2 Pack Knee Brace,461,14.06.2025,85,455
Iron Flask Sports Water Bottle,210,18.03.2025,74,503
Ice Machine Cleaner and Descaler,427,24.05.2025,26,462
Blink Outdoor – wireless,240,14.10.2025,89,971
Wired Over-Ear Headphones,238,09.05.2024,24,510
Sabrent 4-Port USB 2.0 Data Hub,233,20.05.2025,47,189
Echo Dot | Smart speaker,375,01.05.2024,49,611
Fire TV Cube,489,10.07.2025,90,64
weather-resistant HD security camera,6,28.02.2025,62,855
Portable,240,10.12.2025,64,631
Cosmo 668ICS750 30 in,259,15.12.2024,15,793
Command Large Picture Hanging Strips,456,07.11.2024,59,650
Smart WiFi Router,437,03.08.2025,72,947
a Hands-free streaming device with Alexa,133,24.05.2025,23,292
Bathroom Cart Organizer Mobile Shelving,324,14.04.2024,4,826
Digital Chromatic Tuner for Guitar,360,16.10.2025,41,622
Healthy Living Ultra Allergen,197,03.04.2024,69,143
Portable Laundry Washing Machine,218,23.10.2024,89,313
MPR 1500,397,08.08.2024,2,451
High Power,162,25.03.2024,23,726
TP-Link Deco AX3000 WiFi 6 Mesh System,463,02.02.2024,68,578
Loop Exercise Bands,392,27.02.2024,39,470
Smart WiFi Router,181,24.04.2025,67,335
Water Repellency Wiper Blade,394,27.09.2024,56,107
Bed and Couch Pillows,470,19.07.2025,67,925
AC Furnace Air Filter,500,23.05.2025,45,93
Portable Washing Machine,43,14.07.2025,40,388
Amazon Basics XLR Male to Female Microphone Cable – 3 Feet,300,12.07.2024,33,35
SONORO KATE Bathroom Rug,35,22.05.2024,98,107
Acoustic Guitar Strings,142,22.02.2024,37,306
Bedside Table with Plastic Poles,454,26.05.2025,47,39
ComfiLife Gel Enhanced Seat Cushion,360,11.04.2024,39,461
Fire HD 8 tablet,418,28.06.2024,15,778
Laundry Door Post 2.0,278,08.08.2024,59,706
Workout Traveling Running Casual Hands-Free Wallets,340,12.09.2024,40,180
CHAPIN 20000 Garden Sprayer 1 Gallon Lawn,107,07.10.2025,62,458
Electric Instrument Cable,87,02.12.2024,98,597
EcoNour Car Windshield Sun Shade with Storage Pouch,3,27.07.2024,89,942
T-Sound USB Splitter for Laptop,93,20.12.2024,62,636
Catchmaster 72MAX Pest Trap,353,17.10.2025,47,172
TP-Link Deco AX3000 WiFi 6 Mesh System,110,28.12.2025,84,714
Bedside Table with Plastic Poles,322,22.10.2025,22,795
Docking Station USB C to Dual HDMI Adapter,354,18.02.2024,68,681
Scotts Turf Builder Weed and Feed,500,16.04.2024,72,311
High Power,79,25.06.2024,61,29
Sleek Socket Ultra-Thin Electrical Outlet Cover with 3 Outlet Power Strip,415,04.06.2025,59,408
Iron Flask Sports Water Bottle,138,12.02.2024,62,871
Acoustic Guitar Strings,260,24.03.2025,49,788
Silonn Ice Makers Countertop,158,07.10.2025,50,874
High Power,175,01.09.2025,52,221
Catchmaster 72MAX Pest Trap,209,21.11.2024,8,228
Neoprene Dumbbell Hand Weights,297,26.09.2024,34,935
Wagner's 13008 Deluxe Wild Bird Food,322,17.05.2025,39,141
Non-Abrasive,404,26.12.2025,16,725
High Power,374,05.09.2024,70,449
Echo Dot | Smart speaker,303,05.09.2025,3,450
Fresheracc Fridge Freezer Refrigerator Cabinet Lock Latch,134,21.04.2024,73,649
Fujifilm Instax Mini Instant Film,302,14.05.2024,56,673
Mini Fridge with Freeze,500,27.06.2024,99,291
Black Disposable Face Mask,497,16.02.2024,59,234
Ice Machine Cleaner and Descaler,247,19.03.2025,91,465
Acoustic Guitar Strings,235,26.07.2024,4,127
Cleaning Gel for Car,207,11.03.2025,55,718
Fire TV Cube,359,02.01.2024,14,210
Traeger Grills Apple,231,09.08.2024,70,148
TastePure RV/Marine Water Filter with Flexible Hose Protector,75,15.11.2025,73,87
Fujifilm Instax Mini Instant Film,131,28.09.2025,38,754
Ortho Home Defense Insect Killer,335,14.01.2025,87,61
weather-resistant HD security camera,99,10.01.2024,34,103
Colorful VSCO Waterproof Stickers,382,21.01.2024,49,8
MPR 1500,480,18.10.2024,38,655
Bedside Table with Plastic Poles,94,28.08.2025,15,750
Everydrop by Whirlpool Ice and Water Refrigerator,403,20.04.2024,88,733
Filtrete 10x20x1,132,09.03.2025,82,531
Black Disposable Face Mask,430,18.09.2025,29,967
Fire TV Cube,457,15.04.2025,62,82
Traeger Grills Apple,471,24.04.2024,46,287
Veken Non-Slip Rug Pad Gripper,171,24.06.2025,53,367
